"DESCRIPTION","DURATION IN MS","NAME","PARENT SUITE","START TIME","STATUS","STOP TIME","SUB SUITE","SUITE","TEST CLASS","TEST METHOD"
"/home/runner/work/playwright-bdd-framework/playwright-bdd-framework/features/login.feature: Login with invalid credentials","40358","test_login_with_invalid_credentials[invalid@test.com-wrong123-Invalid credentials]","step_definitions","2026-09-11","broken","2026-09-11","","login_steps","",""
"/home/runner/work/playwright-bdd-framework/playwright-bdd-framework/features/login.feature: Login with invalid credentials","235","test_login_with_invalid_credentials[test@test.com--Password is required]","step_definitions","2026-09-11","broken","2026-09-11","","login_steps","",""
"/home/runner/work/playwright-bdd-framework/playwright-bdd-framework/features/registration.feature: Registration with existing email","679","test_registration_with_existing_email","step_definitions","2026-09-11","broken","2026-09-11","","registration_steps","",""
"/home/runner/work/playwright-bdd-framework/playwright-bdd-framework/features/login.feature: Login with invalid credentials","714","test_login_with_invalid_credentials[-pass123-Email is required]","step_definitions","2026-09-11","broken","2026-09-11","","login_steps","",""
"/home/runner/work/playwright-bdd-framework/playwright-bdd-framework/features/winvinaya_foundation.feature: Verify navigation menu","3266","test_verify_navigation_menu","step_definitions","2026-09-11","broken","2026-09-11","","winvinaya_foundation_steps","",""
"/home/runner/work/playwright-bdd-framework/playwright-bdd-framework/features/winvinaya_foundation.feature: Verify page main heading","3568","test_verify_page_main_heading","step_definitions","2026-09-11","failed","2026-09-11","","winvinaya_foundation_steps","",""
"/home/runner/work/playwright-bdd-framework/playwright-bdd-framework/features/registration.feature: Registration with invalid email format","693","test_registration_with_invalid_email_format","step_definitions","2026-09-11","broken","2026-09-11","","registration_steps","",""
"/home/runner/work/playwright-bdd-framework/playwright-bdd-framework/features/registration.feature: Registration with weak password","718","test_registration_with_weak_password","step_definitions","2026-09-11","broken","2026-09-11","","registration_steps","",""
"/home/runner/work/playwright-bdd-framework/playwright-bdd-framework/features/winvinaya_foundation.feature: Verify logo presence","3402","test_verify_logo_presence","step_definitions","2026-09-11","failed","2026-09-11","","winvinaya_foundation_steps","",""
